Workbook

Sheet Media Plan Template
E1: ELECTION WEEK? | F1: YES | G1: ELECTION: | H1: PRIMARY
E2: END DATE | F2: 46329 | G2: CLIENT TYPE: | H2: CANDIDATE | L2: {=INDEX($2:$2, COLUMN()+1)+1} -> 12 | M2: {=INDEX($2:$2, COLUMN()+1)+1} -> 11 | N2: {=INDEX($2:$2, COLUMN()+1)+1} -> 10 | O2: {=INDEX($2:$2, COLUMN()+1)+1} -> 9 | P2: {=INDEX($2:$2, COLUMN()+1)+1} -> 8 | Q2: {=INDEX($2:$2, COLUMN()+1)+1} -> 7 | R2: {=INDEX($2:$2, COLUMN()+1)+1} -> 6 | S2: {=INDEX($2:$2, COLUMN()+1)+1} -> 5 | ... V2: {=INDEX($2:$2, COLUMN()+1)+1} -> 2 | W2: 1
E3: START DATE | F3: =F2-83 -> 46246 | G3: COMMISSION% | H3: 0.15 | L3: =L4-6 -> 46245 | M3: =M4-6 -> 46252 | N3: =N4-6 -> 46259 | O3: =O4-6 -> 46266 | P3: =P4-6 -> 46273 | Q3: =Q4-6 -> 46280 | R3: =R4-6 -> 46287 | S3: =S4-6 -> 46294 | ... V3: =V4-6 -> 46315 | W3: =IF(F1="YES",W4-7,W4-6) -> 46322
E4: WINDOW DATE (AUTO GENERATED) | F4: =IF(H2<>"CANDIDATE","N/A", IF(H1="PRIMARY",F2-45, IF(H1="GENERAL",F2-60,"N/A"))) -> 46284 | G4: LENGTH | H4: =DATEDIF(F3,F2,"D")+1 & " D / " & ROUND((DATEDIF(F3,F2,"D")/7),0) & " W" -> 84 D / 12 W | L4: {=INDEX($3:$3, COLUMN()+1)-1} -> 46251 | M4: {=INDEX($3:$3, COLUMN()+1)-1} -> 46258 | N4: {=INDEX($3:$3, COLUMN()+1)-1} -> 46265 | O4: {=INDEX($3:$3, COLUMN()+1)-1} -> 46272 | P4: {=INDEX($3:$3, COLUMN()+1)-1} -> 46279 | Q4: {=INDEX($3:$3, COLUMN()+1)-1} -> 46286 | R4: {=INDEX($3:$3, COLUMN()+1)-1} -> 46293 | S4: {=INDEX($3:$3, COLUMN()+1)-1} -> 46300 | ... V4: {=INDEX($3:$3, COLUMN()+1)-1} -> 46321 | W4: =F2 -> 46329
A6: MEDIA PLAN TEMPLATE | AB6: CLIENT LOGO
A7: 2026 | S7: Absentee Ballot Drop xx/xx | T7: Early In-person Voting Begins xx/xx
A8: Estimated Q3 OOW A35+ CPP | B8: Estimated Q3 IW A35+ CPP | C8: Estimated Early Q4 A35+ CPP | D8: Estimated Late Q4 A35+ CPP | E8: Broadcast TV | F8: % of District Vote by DMA (add source) | J8: AD SERVING | L8: =CONCATENATE("Week ",L$2) -> Week 12 | M8: =CONCATENATE("Week ",M$2) -> Week 11 | N8: =CONCATENATE("Week ",N$2) -> Week 10 | O8: =CONCATENATE("Week ",O$2) -> Week 9 | P8: =CONCATENATE("Week ",P$2) -> Week 8 | Q8: =CONCATENATE("Week ",Q$2) -> Week 7 | R8: =CONCATENATE("Week ",R$2) -> Week 6 | S8: =CONCATENATE("Week ",S$2) -> Week 5 | ... W8: =CONCATENATE("Week ",W$2) -> Week 1 | Y8: Total | AA8: % of Broadcast | AB8: % of Plan
L9: =TEXT(L$3, "mmm d") & " - " & TEXT(L$4, "mmm d") -> Aug 11 - Aug 17 | M9: =TEXT(M$3, "mmm d") & " - " & TEXT(M$4, "mmm d") -> Aug 18 - Aug 24 | N9: =TEXT(N$3, "mmm d") & " - " & TEXT(N$4, "mmm d") -> Aug 25 - Aug 31 | O9: =TEXT(O$3, "mmm d") & " - " & TEXT(O$4, "mmm d") -> Sep 1 - Sep 7 | P9: =TEXT(P$3, "mmm d") & " - " & TEXT(P$4, "mmm d") -> Sep 8 - Sep 14 | Q9: =TEXT(Q$3, "mmm d") & " - " & TEXT(Q$4, "mmm d") -> Sep 15 - Sep 21 | R9: =TEXT(R$3, "mmm d") & " - " & TEXT(R$4, "mmm d") -> Sep 22 - Sep 28 | S9: =TEXT(S$3, "mmm d") & " - " & TEXT(S$4, "mmm d") -> Sep 29 - Oct 5 | ... W9: =TEXT(W$3, "mmm d") & " - " & TEXT(W$4, "mmm d") -> Oct 27 - Nov 3
H10: Points / Week | J10: N/A | L10: 0 | M10: 0 | N10: 0 | O10: 0 | P10: 0 | Q10: 0 | R10: 0 | S10: 0 | T10: 0 | U10: 0 | V10: 0 | W10: 0 | Y10: =SUM(L10:W10) -> 0 | AA10: =IFERROR($Y11/$Y$55, 0) -> 0 | AB10: =IFERROR($Y11/$Y$398, 0) -> 0
A11: 100 | B11: 200 | C11: 300 | D11: 400 | E11: Market A | H11: $$$ | L11: =$A11*L10 -> 0 | M11: =$B11*M10 -> 0 | N11: =$B11*N10 -> 0 | O11: =$B11*O10 -> 0 | P11: =$B11*P10 -> 0 | Q11: =$B11*Q10 -> 0 | R11: =$B11*R10 -> 0 | S11: =$C11*S10 -> 0 | T11: =$C11*T10 -> 0 | U11: =$C11*U10 -> 0 | V11: =$D11*V10 -> 0 | W11: =$D11*W10 -> 0 | Y11: =SUM(L11:W11) -> 0
H12: Points / Week | J12: N/A | L12: 0 | M12: 0 | N12: 0 | O12: 0 | P12: 0 | Q12: 0 | R12: 0 | S12: 0 | T12: 0 | U12: 0 | V12: 0 | W12: 0 | Y12: =SUM(L12:W12) -> 0 | AA12: =IFERROR($Y13/$Y$55, 0) -> 0 | AB12: =IFERROR($Y13/$Y$398, 0) -> 0
A13: 100 | B13: 200 | C13: 300 | D13: 400 | E13: Market B | H13: $$$ | L13: =$A13*L12 -> 0 | M13: =$B13*M12 -> 0 | N13: =$B13*N12 -> 0 | O13: =$B13*O12 -> 0 | P13: =$B13*P12 -> 0 | Q13: =$B13*Q12 -> 0 | R13: =$B13*R12 -> 0 | S13: =$C13*S12 -> 0 | T13: =$C13*T12 -> 0 | U13: =$C13*U12 -> 0 | V13: =$D13*V12 -> 0 | W13: =$D13*W12 -> 0 | Y13: =SUM(L13:W13) -> 0
H14: Points / Week | J14: N/A | L14: 0 | M14: 0 | N14: 0 | O14: 0 | P14: 0 | Q14: 0 | R14: 0 | S14: 0 | T14: 0 | U14: 0 | V14: 0 | W14: 0 | Y14: =SUM(L14:W14) -> 0 | AA14: =IFERROR($Y15/$Y$55, 0) -> 0 | AB14: =IFERROR($Y15/$Y$398, 0) -> 0
A15: 100 | B15: 200 | C15: 300 | D15: 400 | E15: Market C | H15: $$$ | L15: =$A15*L14 -> 0 | M15: =$B15*M14 -> 0 | N15: =$B15*N14 -> 0 | O15: =$B15*O14 -> 0 | P15: =$B15*P14 -> 0 | Q15: =$B15*Q14 -> 0 | R15: =$B15*R14 -> 0 | S15: =$C15*S14 -> 0 | T15: =$C15*T14 -> 0 | U15: =$C15*U14 -> 0 | V15: =$D15*V14 -> 0 | W15: =$D15*W14 -> 0 | Y15: =SUM(L15:W15) -> 0
H16: Points / Week | J16: N/A | L16: 0 | M16: 0 | N16: 0 | O16: 0 | P16: 0 | Q16: 0 | R16: 0 | S16: 0 | T16: 0 | U16: 0 | V16: 0 | W16: 0 | Y16: =SUM(L16:W16) -> 0 | AA16: =IFERROR($Y17/$Y$55, 0) -> 0 | AB16: =IFERROR($Y17/$Y$398, 0) -> 0
A17: 100 | B17: 200 | C17: 300 | D17: 400 | E17: Market D | H17: $$$ | L17: =$A17*L16 -> 0 | M17: =$B17*M16 -> 0 | N17: =$B17*N16 -> 0 | O17: =$B17*O16 -> 0 | P17: =$B17*P16 -> 0 | Q17: =$B17*Q16 -> 0 | R17: =$B17*R16 -> 0 | S17: =$C17*S16 -> 0 | T17: =$C17*T16 -> 0 | U17: =$C17*U16 -> 0 | V17: =$D17*V16 -> 0 | W17: =$D17*W16 -> 0 | Y17: =SUM(L17:W17) -> 0
H18: Points / Week | J18: N/A | L18: 0 | M18: 0 | N18: 0 | O18: 0 | P18: 0 | Q18: 0 | R18: 0 | S18: 0 | T18: 0 | U18: 0 | V18: 0 | W18: 0 | Y18: =SUM(L18:W18) -> 0 | AA18: =IFERROR($Y19/$Y$55, 0) -> 0 | AB18: =IFERROR($Y19/$Y$398, 0) -> 0
A19: 100 | B19: 200 | C19: 300 | D19: 400 | E19: Market E | H19: $$$ | L19: =$A19*L18 -> 0 | M19: =$B19*M18 -> 0 | N19: =$B19*N18 -> 0 | O19: =$B19*O18 -> 0 | P19: =$B19*P18 -> 0 | Q19: =$B19*Q18 -> 0 | R19: =$B19*R18 -> 0 | S19: =$C19*S18 -> 0 | T19: =$C19*T18 -> 0 | U19: =$C19*U18 -> 0 | V19: =$D19*V18 -> 0 | W19: =$D19*W18 -> 0 | Y19: =SUM(L19:W19) -> 0
H20: Points / Week | J20: N/A | L20: 0 | M20: 0 | N20: 0 | O20: 0 | P20: 0 | Q20: 0 | R20: 0 | S20: 0 | T20: 0 | U20: 0 | V20: 0 | W20: 0 | Y20: =SUM(L20:W20) -> 0 | AA20: =IFERROR($Y21/$Y$55, 0) -> 0 | AB20: =IFERROR($Y21/$Y$398, 0) -> 0
A21: 100 | B21: 200 | C21: 300 | D21: 400 | E21: Market F | H21: $$$ | L21: =$A21*L20 -> 0 | M21: =$B21*M20 -> 0 | N21: =$B21*N20 -> 0 | O21: =$B21*O20 -> 0 | P21: =$B21*P20 -> 0 | Q21: =$B21*Q20 -> 0 | R21: =$B21*R20 -> 0 | S21: =$C21*S20 -> 0 | T21: =$C21*T20 -> 0 | U21: =$C21*U20 -> 0 | V21: =$D21*V20 -> 0 | W21: =$D21*W20 -> 0 | Y21: =SUM(L21:W21) -> 0
E23: English-Language Broadcast Subtotal | H23: Subtotal | L23: =SUMIF($H$9:$H$24,"$$$",L$9:L$24) -> 0 | M23: =SUMIF($H$9:$H$24,"$$$",M$9:M$24) -> 0 | N23: =SUMIF($H$9:$H$24,"$$$",N$9:N$24) -> 0 | O23: =SUMIF($H$9:$H$24,"$$$",O$9:O$24) -> 0 | P23: =SUMIF($H$9:$H$24,"$$$",P$9:P$24) -> 0 | Q23: =SUMIF($H$9:$H$24,"$$$",Q$9:Q$24) -> 0 | R23: =SUMIF($H$9:$H$24,"$$$",R$9:R$24) -> 0 | S23: =SUMIF($H$9:$H$24,"$$$",S$9:S$24) -> 0 | ... W23: =SUMIF($H$9:$H$24,"$$$",W$9:W$24) -> 0 | Y23: =SUM(L23:W23) -> 0 | AA23: =IFERROR($Y23/$Y$55, 0) -> 0 | AB23: =IFERROR($Y23/$Y$398, 0) -> 0
A24: Estimated Q3 OOW H25+ CPP | B24: Estimated Q3 IW H25+ CPP | C24: Estimated Early Q4 H25+ CPP | D24: Estimated Late Q4 H25+ CPP | E24: Spanish-Language TV | F24: % DMA Hispanic
H25: Points / Week | J25: N/A | L25: 0 | M25: 0 | N25: 0 | O25: 0 | P25: 0 | Q25: 0 | R25: 0 | S25: 0 | T25: 0 | U25: 0 | V25: 0 | W25: 0 | Y25: =SUM(L25:W25) -> 0 | AA25: =IFERROR($Y26/$Y$55, 0) -> 0 | AB25: =IFERROR($Y26/$Y$398, 0) -> 0
A26: 100 | B26: 100 | C26: 100 | D26: 200 | E26: Market A | H26: $$$ | L26: =$A26*L25 -> 0 | M26: =$B26*M25 -> 0 | N26: =$B26*N25 -> 0 | O26: =$B26*O25 -> 0 | P26: =$B26*P25 -> 0 | Q26: =$B26*Q25 -> 0 | R26: =$B26*R25 -> 0 | S26: =$C26*S25 -> 0 | T26: =$C26*T25 -> 0 | U26: =$C26*U25 -> 0 | V26: =$D26*V25 -> 0 | W26: =$D26*W25 -> 0 | Y26: =SUM(L26:W26) -> 0
H27: Points / Week | J27: N/A | L27: 0 | M27: 0 | N27: 0 | O27: 0 | P27: 0 | Q27: 0 | R27: 0 | S27: 0 | T27: 0 | U27: 0 | V27: 0 | W27: 0 | Y27: =SUM(L27:W27) -> 0 | AA27: =IFERROR($Y28/$Y$55, 0) -> 0 | AB27: =IFERROR($Y28/$Y$398, 0) -> 0
A28: 100 | B28: 100 | C28: 100 | D28: 200 | E28: Market B | H28: $$$ | L28: =$A28*L27 -> 0 | M28: =$B28*M27 -> 0 | N28: =$B28*N27 -> 0 | O28: =$B28*O27 -> 0 | P28: =$B28*P27 -> 0 | Q28: =$B28*Q27 -> 0 | R28: =$B28*R27 -> 0 | S28: =$C28*S27 -> 0 | T28: =$C28*T27 -> 0 | U28: =$C28*U27 -> 0 | V28: =$D28*V27 -> 0 | W28: =$D28*W27 -> 0 | Y28: =SUM(L28:W28) -> 0
H29: Points / Week | J29: N/A | L29: 0 | M29: 0 | N29: 0 | O29: 0 | P29: 0 | Q29: 0 | R29: 0 | S29: 0 | T29: 0 | U29: 0 | V29: 0 | W29: 0 | Y29: =SUM(L29:W29) -> 0 | AA29: =IFERROR($Y30/$Y$55, 0) -> 0 | AB29: =IFERROR($Y30/$Y$398, 0) -> 0
A30: 100 | B30: 100 | C30: 100 | D30: 200 | E30: Market C | H30: $$$ | L30: =$A30*L29 -> 0 | M30: =$B30*M29 -> 0 | N30: =$B30*N29 -> 0 | O30: =$B30*O29 -> 0 | P30: =$B30*P29 -> 0 | Q30: =$B30*Q29 -> 0 | R30: =$B30*R29 -> 0 | S30: =$C30*S29 -> 0 | T30: =$C30*T29 -> 0 | U30: =$C30*U29 -> 0 | V30: =$D30*V29 -> 0 | W30: =$D30*W29 -> 0 | Y30: =SUM(L30:W30) -> 0
H31: Points / Week | J31: N/A | L31: 0 | M31: 0 | N31: 0 | O31: 0 | P31: 0 | Q31: 0 | R31: 0 | S31: 0 | T31: 0 | U31: 0 | V31: 0 | W31: 0 | Y31: =SUM(L31:W31) -> 0 | AA31: =IFERROR($Y32/$Y$55, 0) -> 0 | AB31: =IFERROR($Y32/$Y$398, 0) -> 0
A32: 100 | B32: 100 | C32: 100 | D32: 200 | E32: Market D | H32: $$$ | L32: =$A32*L31 -> 0 | M32: =$B32*M31 -> 0 | N32: =$B32*N31 -> 0 | O32: =$B32*O31 -> 0 | P32: =$B32*P31 -> 0 | Q32: =$B32*Q31 -> 0 | R32: =$B32*R31 -> 0 | S32: =$C32*S31 -> 0 | T32: =$C32*T31 -> 0 | U32: =$C32*U31 -> 0 | V32: =$D32*V31 -> 0 | W32: =$D32*W31 -> 0 | Y32: =SUM(L32:W32) -> 0
H33: Points / Week | J33: N/A | L33: 0 | M33: 0 | N33: 0 | O33: 0 | P33: 0 | Q33: 0 | R33: 0 | S33: 0 | T33: 0 | U33: 0 | V33: 0 | W33: 0 | Y33: =SUM(L33:W33) -> 0 | AA33: =IFERROR($Y34/$Y$55, 0) -> 0 | AB33: =IFERROR($Y34/$Y$398, 0) -> 0
A34: 100 | B34: 100 | C34: 100 | D34: 200 | E34: Market E | H34: $$$ | L34: =$A34*L33 -> 0 | M34: =$B34*M33 -> 0 | N34: =$B34*N33 -> 0 | O34: =$B34*O33 -> 0 | P34: =$B34*P33 -> 0 | Q34: =$B34*Q33 -> 0 | R34: =$B34*R33 -> 0 | S34: =$C34*S33 -> 0 | T34: =$C34*T33 -> 0 | U34: =$C34*U33 -> 0 | V34: =$D34*V33 -> 0 | W34: =$D34*W33 -> 0 | Y34: =SUM(L34:W34) -> 0
H35: Points / Week | J35: N/A | L35: 0 | M35: 0 | N35: 0 | O35: 0 | P35: 0 | Q35: 0 | R35: 0 | S35: 0 | T35: 0 | U35: 0 | V35: 0 | W35: 0 | Y35: =SUM(L35:W35) -> 0 | AA35: =IFERROR($Y36/$Y$55, 0) -> 0 | AB35: =IFERROR($Y36/$Y$398, 0) -> 0
A36: 100 | B36: 100 | C36: 100 | D36: 200 | E36: Market F | H36: $$$ | L36: =$A36*L35 -> 0 | M36: =$B36*M35 -> 0 | N36: =$B36*N35 -> 0 | O36: =$B36*O35 -> 0 | P36: =$B36*P35 -> 0 | Q36: =$B36*Q35 -> 0 | R36: =$B36*R35 -> 0 | S36: =$C36*S35 -> 0 | T36: =$C36*T35 -> 0 | U36: =$C36*U35 -> 0 | V36: =$D36*V35 -> 0 | W36: =$D36*W35 -> 0 | Y36: =SUM(L36:W36) -> 0
E38: Spanish-Language Broadcast Subtotal | H38: Subtotal | L38: =SUMIF($H$24:$H$39,"$$$",L$24:L$39) -> 0 | M38: =SUMIF($H$24:$H$39,"$$$",M$24:M$39) -> 0 | N38: =SUMIF($H$24:$H$39,"$$$",N$24:N$39) -> 0 | O38: =SUMIF($H$24:$H$39,"$$$",O$24:O$39) -> 0 | P38: =SUMIF($H$24:$H$39,"$$$",P$24:P$39) -> 0 | Q38: =SUMIF($H$24:$H$39,"$$$",Q$24:Q$39) -> 0 | R38: =SUMIF($H$24:$H$39,"$$$",R$24:R$39) -> 0 | S38: =SUMIF($H$24:$H$39,"$$$",S$24:S$39) -> 0 | ... W38: =SUMIF($H$24:$H$39,"$$$",W$24:W$39) -> 0 | Y38: =SUM(L38:W38) -> 0 | AA38: =IFERROR($Y38/$Y$55, 0) -> 0 | AB38: =IFERROR($Y38/$Y$398, 0) -> 0
A39: CPS | E39: Broadcast Sports | F39: Network / Channel
H40: Points / Week | J40: N/A | L40: 0 | M40: 0 | N40: 0 | O40: 0 | P40: 0 | Q40: 0 | R40: 0 | S40: 0 | T40: 0 | U40: 0 | V40: 0 | W40: 0 | Y40: =SUM(L40:W40) -> 0 | AA40: =IFERROR($Y41/$Y$55, 0) -> 0 | AB40: =IFERROR($Y41/$Y$398, 0) -> 0
A41: 100 | E41: Team / Game / League | H41: $$$ | L41: =$A41*L40 -> 0 | M41: =$A41*M40 -> 0 | N41: =$A41*N40 -> 0 | O41: =$A41*O40 -> 0 | P41: =$A41*P40 -> 0 | Q41: =$A41*Q40 -> 0 | R41: =$A41*R40 -> 0 | S41: =$A41*S40 -> 0 | ... W41: =$A41*W40 -> 0 | Y41: =SUM(L41:W41) -> 0
H42: Points / Week | J42: N/A | L42: 0 | M42: 0 | N42: 0 | O42: 0 | P42: 0 | Q42: 0 | R42: 0 | S42: 0 | T42: 0 | U42: 0 | V42: 0 | W42: 0 | Y42: =SUM(L42:W42) -> 0 | AA42: =IFERROR($Y43/$Y$55, 0) -> 0 | AB42: =IFERROR($Y43/$Y$398, 0) -> 0
A43: 100 | E43: Team / Game / League | H43: $$$ | L43: =$A43*L42 -> 0 | M43: =$A43*M42 -> 0 | N43: =$A43*N42 -> 0 | O43: =$A43*O42 -> 0 | P43: =$A43*P42 -> 0 | Q43: =$A43*Q42 -> 0 | R43: =$A43*R42 -> 0 | S43: =$A43*S42 -> 0 | ... W43: =$A43*W42 -> 0 | Y43: =SUM(L43:W43) -> 0
H44: Points / Week | J44: N/A | L44: 0 | M44: 0 | N44: 0 | O44: 0 | P44: 0 | Q44: 0 | R44: 0 | S44: 0 | T44: 0 | U44: 0 | V44: 0 | W44: 0 | Y44: =SUM(L44:W44) -> 0 | AA44: =IFERROR($Y45/$Y$55, 0) -> 0 | AB44: =IFERROR($Y45/$Y$398, 0) -> 0
A45: 100 | E45: Team / Game / League | H45: $$$ | L45: =$A45*L44 -> 0 | M45: =$A45*M44 -> 0 | N45: =$A45*N44 -> 0 | O45: =$A45*O44 -> 0 | P45: =$A45*P44 -> 0 | Q45: =$A45*Q44 -> 0 | R45: =$A45*R44 -> 0 | S45: =$A45*S44 -> 0 | ... W45: =$A45*W44 -> 0 | Y45: =SUM(L45:W45) -> 0
H46: Points / Week | J46: N/A | L46: 0 | M46: 0 | N46: 0 | O46: 0 | P46: 0 | Q46: 0 | R46: 0 | S46: 0 | T46: 0 | U46: 0 | V46: 0 | W46: 0 | Y46: =SUM(L46:W46) -> 0 | AA46: =IFERROR($Y47/$Y$55, 0) -> 0 | AB46: =IFERROR($Y47/$Y$398, 0) -> 0
A47: 100 | E47: Team / Game / League | H47: $$$ | L47: =$A47*L46 -> 0 | M47: =$A47*M46 -> 0 | N47: =$A47*N46 -> 0 | O47: =$A47*O46 -> 0 | P47: =$A47*P46 -> 0 | Q47: =$A47*Q46 -> 0 | R47: =$A47*R46 -> 0 | S47: =$A47*S46 -> 0 | ... W47: =$A47*W46 -> 0 | Y47: =SUM(L47:W47) -> 0
H48: Points / Week | J48: N/A | L48: 0 | M48: 0 | N48: 0 | O48: 0 | P48: 0 | Q48: 0 | R48: 0 | S48: 0 | T48: 0 | U48: 0 | V48: 0 | W48: 0 | Y48: =SUM(L48:W48) -> 0 | AA48: =IFERROR($Y49/$Y$55, 0) -> 0 | AB48: =IFERROR($Y49/$Y$398, 0) -> 0
A49: 100 | E49: Team / Game / League | H49: $$$ | L49: =$A49*L48 -> 0 | M49: =$A49*M48 -> 0 | N49: =$A49*N48 -> 0 | O49: =$A49*O48 -> 0 | P49: =$A49*P48 -> 0 | Q49: =$A49*Q48 -> 0 | R49: =$A49*R48 -> 0 | S49: =$A49*S48 -> 0 | ... W49: =$A49*W48 -> 0 | Y49: =SUM(L49:W49) -> 0
H50: Points / Week | J50: N/A | L50: 0 | M50: 0 | N50: 0 | O50: 0 | P50: 0 | Q50: 0 | R50: 0 | S50: 0 | T50: 0 | U50: 0 | V50: 0 | W50: 0 | Y50: =SUM(L50:W50) -> 0 | AA50: =IFERROR($Y51/$Y$55, 0) -> 0 | AB50: =IFERROR($Y51/$Y$398, 0) -> 0
A51: 100 | E51: Team / Game / League | H51: $$$ | L51: =$A51*L50 -> 0 | M51: =$A51*M50 -> 0 | N51: =$A51*N50 -> 0 | O51: =$A51*O50 -> 0 | P51: =$A51*P50 -> 0 | Q51: =$A51*Q50 -> 0 | R51: =$A51*R50 -> 0 | S51: =$A51*S50 -> 0 | ... W51: =$A51*W50 -> 0 | Y51: =SUM(L51:W51) -> 0
E53: Broadcast Sports Subtotal | H53: Subtotal | L53: =SUMIF($H$39:$H$54,"$$$",L$39:L$54) -> 0 | M53: =SUMIF($H$39:$H$54,"$$$",M$39:M$54) -> 0 | N53: =SUMIF($H$39:$H$54,"$$$",N$39:N$54) -> 0 | O53: =SUMIF($H$39:$H$54,"$$$",O$39:O$54) -> 0 | P53: =SUMIF($H$39:$H$54,"$$$",P$39:P$54) -> 0 | Q53: =SUMIF($H$39:$H$54,"$$$",Q$39:Q$54) -> 0 | R53: =SUMIF($H$39:$H$54,"$$$",R$39:R$54) -> 0 | S53: =SUMIF($H$39:$H$54,"$$$",S$39:S$54) -> 0 | ... W53: =SUMIF($H$39:$H$54,"$$$",W$39:W$54) -> 0 | Y53: =SUM(L53:W53) -> 0 | AA53: =IFERROR($Y53/$Y$55, 0) -> 0 | AB53: =IFERROR($Y53/$Y$398, 0) -> 0
E55: Broadcast Gross Total | H55: Total | L55: =SUMIF($H$9:$H$57,"$$$",L$9:L$57) -> 0 | M55: =SUMIF($H$9:$H$57,"$$$",M$9:M$57) -> 0 | N55: =SUMIF($H$9:$H$57,"$$$",N$9:N$57) -> 0 | O55: =SUMIF($H$9:$H$57,"$$$",O$9:O$57) -> 0 | P55: =SUMIF($H$9:$H$57,"$$$",P$9:P$57) -> 0 | Q55: =SUMIF($H$9:$H$57,"$$$",Q$9:Q$57) -> 0 | R55: =SUMIF($H$9:$H$57,"$$$",R$9:R$57) -> 0 | S55: =SUMIF($H$9:$H$57,"$$$",S$9:S$57) -> 0 | ... W55: =SUMIF($H$9:$H$57,"$$$",W$9:W$57) -> 0 | Y55: =SUM(L55:W55) -> 0 | AA55: =IFERROR($Y55/$Y$55, 0) -> 0 | AB55: =IFERROR($Y55/$Y$398, 0) -> 0
E56: Broadcast Client Gross Total | H56: CG Total | L56: =L55*(1-(0.15-$H$3)) -> 0 | M56: =M55*(1-(0.15-$H$3)) -> 0 | N56: =N55*(1-(0.15-$H$3)) -> 0 | O56: =O55*(1-(0.15-$H$3)) -> 0 | P56: =P55*(1-(0.15-$H$3)) -> 0 | Q56: =Q55*(1-(0.15-$H$3)) -> 0 | R56: =R55*(1-(0.15-$H$3)) -> 0 | S56: =S55*(1-(0.15-$H$3)) -> 0 | ... W56: =W55*(1-(0.15-$H$3)) -> 0 | Y56: =SUM(L56:W56) -> 0
A57: Estimated Avg. CPM | E57: Streaming (CTV/OTT) | F57: Targeting / Universe Size | I57: COVERAGE | J57: AD SERVING | L57: =CONCATENATE("Week ",L$2) -> Week 12 | M57: =CONCATENATE("Week ",M$2) -> Week 11 | N57: =CONCATENATE("Week ",N$2) -> Week 10 | O57: =CONCATENATE("Week ",O$2) -> Week 9 | P57: =CONCATENATE("Week ",P$2) -> Week 8 | Q57: =CONCATENATE("Week ",Q$2) -> Week 7 | R57: =CONCATENATE("Week ",R$2) -> Week 6 | S57: =CONCATENATE("Week ",S$2) -> Week 5 | ... W57: =CONCATENATE("Week ",W$2) -> Week 1 | Y57: Total | AA57: % of Streaming | AB57: % of Plan
L58: =TEXT(L$3, "mmm d") & " - " & TEXT(L$4, "mmm d") -> Aug 11 - Aug 17 | M58: =TEXT(M$3, "mmm d") & " - " & TEXT(M$4, "mmm d") -> Aug 18 - Aug 24 | N58: =TEXT(N$3, "mmm d") & " - " & TEXT(N$4, "mmm d") -> Aug 25 - Aug 31 | O58: =TEXT(O$3, "mmm d") & " - " & TEXT(O$4, "mmm d") -> Sep 1 - Sep 7 | P58: =TEXT(P$3, "mmm d") & " - " & TEXT(P$4, "mmm d") -> Sep 8 - Sep 14 | Q58: =TEXT(Q$3, "mmm d") & " - " & TEXT(Q$4, "mmm d") -> Sep 15 - Sep 21 | R58: =TEXT(R$3, "mmm d") & " - " & TEXT(R$4, "mmm d") -> Sep 22 - Sep 28 | S58: =TEXT(S$3, "mmm d") & " - " & TEXT(S$4, "mmm d") -> Sep 29 - Oct 5 | ... W58: =TEXT(W$3, "mmm d") & " - " & TEXT(W$4, "mmm d") -> Oct 27 - Nov 3 | AE58: AUD (000s) | AF58: FREQ | AG58: REQ IMPs | AH58: CPM | AI58: WEEKS | AJ58: $$$
H59: IMPs | J59: Yes | L59: =(L61*1000)/$A60 -> 0 | M59: =(M61*1000)/$A60 -> 0 | N59: =(N61*1000)/$A60 -> 0 | O59: =(O61*1000)/$A60 -> 0 | P59: =(P61*1000)/$A60 -> 0 | Q59: =(Q61*1000)/$A60 -> 0 | R59: =(R61*1000)/$A60 -> 0 | S59: =(S61*1000)/$A60 -> 0 | ... W59: =(W61*1000)/$A60 -> 0 | Y59: =SUM(L59:W59) -> 0 | AA59: =IFERROR($Y61/$Y$68, 0) -> 0 | AB59: =IFERROR($Y61/$Y$398, 0) -> 0
A60: =VLOOKUP($E60,'Digital Targeting'!$B$524:$E$892,4,FALSE) -> 47.06 | E60: StackAdapt - CTV/OTT (0:15s / 0:30s) | G60: =VLOOKUP($F60,'Digital Targeting'!$A$21:$G$100,5,FALSE)*I60 -> #N/A | H60: Freq | I60: =VLOOKUP(F60,'Digital Targeting'!$A$21:$M$214,7,FALSE) -> #N/A | L60: =IFERROR(L59/$G60,0) -> 0 | M60: =IFERROR(M59/$G60,0) -> 0 | N60: =IFERROR(N59/$G60,0) -> 0 | O60: =IFERROR(O59/$G60,0) -> 0 | P60: =IFERROR(P59/$G60,0) -> 0 | Q60: =IFERROR(Q59/$G60,0) -> 0 | R60: =IFERROR(R59/$G60,0) -> 0 | S60: =IFERROR(S59/$G60,0) -> 0 | ... W60: =IFERROR(W59/$G60,0) -> 0 | Y60: =SUM(L60:W60) -> 0 | AE60: =G60/1000 -> #N/A | AF60: 7 | AG60: =AF60*AE60 -> #N/A | AH60: =$A60 -> 47.06 | AI60: =($F$2-$F$3+1)/7 -> 12 | AJ60: =(AG60*AH60)/AI60 -> #N/A
H61: $$$ | L61: 0 | M61: 0 | N61: 0 | O61: 0 | P61: 0 | Q61: 0 | R61: 0 | S61: 0 | T61: 0 | U61: 0 | V61: 0 | W61: 0 | Y61: =SUM(L61:W61) -> 0
H62: IMPs | J62: Yes | L62: =(L64*1000)/$A63 -> 0 | M62: =(M64*1000)/$A63 -> 0 | N62: =(N64*1000)/$A63 -> 0 | O62: =(O64*1000)/$A63 -> 0 | P62: =(P64*1000)/$A63 -> 0 | Q62: =(Q64*1000)/$A63 -> 0 | R62: =(R64*1000)/$A63 -> 0 | S62: =(S64*1000)/$A63 -> 0 | ... W62: =(W64*1000)/$A63 -> 0 | Y62: =SUM(L62:W62) -> 0 | AA62: =IFERROR($Y64/$Y$68, 0) -> 0 | AB62: =IFERROR($Y64/$Y$398, 0) -> 0
A63: =VLOOKUP($E63,'Digital Targeting'!$B$524:$E$892,4,FALSE) -> 47.06 | E63: StackAdapt - CTV/OTT (0:15s / 0:30s) | G63: =VLOOKUP($F63,'Digital Targeting'!$A$21:$G$100,5,FALSE)*I63 -> #N/A | H63: Freq | I63: =VLOOKUP(F63,'Digital Targeting'!$A$21:$M$214,7,FALSE) -> #N/A | L63: =IFERROR(L62/$G63,0) -> 0 | M63: =IFERROR(M62/$G63,0) -> 0 | N63: =IFERROR(N62/$G63,0) -> 0 | O63: =IFERROR(O62/$G63,0) -> 0 | P63: =IFERROR(P62/$G63,0) -> 0 | Q63: =IFERROR(Q62/$G63,0) -> 0 | R63: =IFERROR(R62/$G63,0) -> 0 | S63: =IFERROR(S62/$G63,0) -> 0 | ... W63: =IFERROR(W62/$G63,0) -> 0 | Y63: =SUM(L63:W63) -> 0 | AE63: =G63/1000 -> #N/A | AF63: 7 | AG63: =AF63*AE63 -> #N/A | AH63: =$A63 -> 47.06 | AI63: =($F$2-$F$3+1)/7 -> 12 | AJ63: =(AG63*AH63)/AI63 -> #N/A
H64: $$$ | L64: 0 | M64: 0 | N64: 0 | O64: 0 | P64: 0 | Q64: 0 | R64: 0 | S64: 0 | T64: 0 | U64: 0 | V64: 0 | W64: 0 | Y64: =SUM(L64:W64) -> 0
A66: 0.55 | E66: CM360 - Ad Serving and Reporting | H66: CM360 | L66: =(SUMIFS(L$58:L$70, $H$58:$H$70, "IMPs", $J$58:$J$70, "Yes") / 1000 * 0.55) -> 0 | M66: =(SUMIFS(M$58:M$70, $H$58:$H$70, "IMPs", $J$58:$J$70, "Yes") / 1000 * 0.55) -> 0 | N66: =(SUMIFS(N$58:N$70, $H$58:$H$70, "IMPs", $J$58:$J$70, "Yes") / 1000 * 0.55) -> 0 | O66: =(SUMIFS(O$58:O$70, $H$58:$H$70, "IMPs", $J$58:$J$70, "Yes") / 1000 * 0.55) -> 0 | P66: =(SUMIFS(P$58:P$70, $H$58:$H$70, "IMPs", $J$58:$J$70, "Yes") / 1000 * 0.55) -> 0 | Q66: =(SUMIFS(Q$58:Q$70, $H$58:$H$70, "IMPs", $J$58:$J$70, "Yes") / 1000 * 0.55) -> 0 | R66: =(SUMIFS(R$58:R$70, $H$58:$H$70, "IMPs", $J$58:$J$70, "Yes") / 1000 * 0.55) -> 0 | S66: =(SUMIFS(S$58:S$70, $H$58:$H$70, "IMPs", $J$58:$J$70, "Yes") / 1000 * 0.55) -> 0 | ... W66: =(SUMIFS(W$58:W$70, $H$58:$H$70, "IMPs", $J$58:$J$70, "Yes") / 1000 * 0.55) -> 0 | Y66: =SUM(L66:W66) -> 0 | AA66: =IFERROR(Y66/Y68,0) -> 0 | AB66: =IFERROR(Y66/Y$398,0) -> 0
E68: Streaming (CTV/OTT) Total | H68: Total | L68: =SUMIF($H58:$H70,"$$$",L$58:L$70)+L66 -> 0 | M68: =SUMIF($H58:$H70,"$$$",M$58:M$70)+M66 -> 0 | N68: =SUMIF($H58:$H70,"$$$",N$58:N$70)+N66 -> 0 | O68: =SUMIF($H58:$H70,"$$$",O$58:O$70)+O66 -> 0 | P68: =SUMIF($H58:$H70,"$$$",P$58:P$70)+P66 -> 0 | Q68: =SUMIF($H58:$H70,"$$$",Q$58:Q$70)+Q66 -> 0 | R68: =SUMIF($H58:$H70,"$$$",R$58:R$70)+R66 -> 0 | S68: =SUMIF($H58:$H70,"$$$",S$58:S$70)+S66 -> 0 | ... W68: =SUMIF($H58:$H70,"$$$",W$58:W$70)+W66 -> 0 | Y68: =SUM(L68:W68) -> 0 | AA68: =IFERROR($Y68/$Y$68, 0) -> 0 | AB68: =IFERROR($Y68/$Y$398, 0) -> 0
E69: Streaming (CTV/OTT) Client Gross Total | H69: CG Total | L69: =L68*(1-(0.15-$H$3)) -> 0 | M69: =M68*(1-(0.15-$H$3)) -> 0 | N69: =N68*(1-(0.15-$H$3)) -> 0 | O69: =O68*(1-(0.15-$H$3)) -> 0 | P69: =P68*(1-(0.15-$H$3)) -> 0 | Q69: =Q68*(1-(0.15-$H$3)) -> 0 | R69: =R68*(1-(0.15-$H$3)) -> 0 | S69: =S68*(1-(0.15-$H$3)) -> 0 | ... W69: =W68*(1-(0.15-$H$3)) -> 0 | Y69: =SUM(L69:W69) -> 0
A70: Estimated Avg. CPM | E70: YouTube / YouTube TV | F70: Targeting / Universe Size | J70: AD SERVING | L70: =CONCATENATE("Week ",L$2) -> Week 12 | M70: =CONCATENATE("Week ",M$2) -> Week 11 | N70: =CONCATENATE("Week ",N$2) -> Week 10 | O70: =CONCATENATE("Week ",O$2) -> Week 9 | P70: =CONCATENATE("Week ",P$2) -> Week 8 | Q70: =CONCATENATE("Week ",Q$2) -> Week 7 | R70: =CONCATENATE("Week ",R$2) -> Week 6 | S70: =CONCATENATE("Week ",S$2) -> Week 5 | ... W70: =CONCATENATE("Week ",W$2) -> Week 1 | Y70: Total | AA70: % of YouTube | AB70: % of Plan
L71: =TEXT(L$3, "mmm d") & " - " & TEXT(L$4, "mmm d") -> Aug 11 - Aug 17 | M71: =TEXT(M$3, "mmm d") & " - " & TEXT(M$4, "mmm d") -> Aug 18 - Aug 24 | N71: =TEXT(N$3, "mmm d") & " - " & TEXT(N$4, "mmm d") -> Aug 25 - Aug 31 | O71: =TEXT(O$3, "mmm d") & " - " & TEXT(O$4, "mmm d") -> Sep 1 - Sep 7 | P71: =TEXT(P$3, "mmm d") & " - " & TEXT(P$4, "mmm d") -> Sep 8 - Sep 14 | Q71: =TEXT(Q$3, "mmm d") & " - " & TEXT(Q$4, "mmm d") -> Sep 15 - Sep 21 | R71: =TEXT(R$3, "mmm d") & " - " & TEXT(R$4, "mmm d") -> Sep 22 - Sep 28 | S71: =TEXT(S$3, "mmm d") & " - " & TEXT(S$4, "mmm d") -> Sep 29 - Oct 5 | ... W71: =TEXT(W$3, "mmm d") & " - " & TEXT(W$4, "mmm d") -> Oct 27 - Nov 3 | AE71: AUD (000s) | AF71: FREQ | AG71: REQ IMPs | AH71: CPM | AI71: WEEKS | AJ71: $$$
H72: IMPs | J72: Yes | L72: =(L74*1000)/$A73 -> 0 | M72: =(M74*1000)/$A73 -> 0 | N72: =(N74*1000)/$A73 -> 0 | O72: =(O74*1000)/$A73 -> 0 | P72: =(P74*1000)/$A73 -> 0 | Q72: =(Q74*1000)/$A73 -> 0 | R72: =(R74*1000)/$A73 -> 0 | S72: =(S74*1000)/$A73 -> 0 | ... W72: =(W74*1000)/$A73 -> 0 | Y72: =SUM(L72:W72) -> 0 | AA72: =IFERROR($Y74/$Y$87, 0) -> 0 | AB72: =IFERROR($Y74/$Y$398, 0) -> 0
A73: =VLOOKUP($E73,'Digital Targeting'!$B$524:$E$892,4,FALSE) -> 14.71 | E73: DV360 - YouTube (0:15s / 0:30s) | G73: =VLOOKUP($F73,'Digital Targeting'!$A$21:$G$100,5,FALSE)*I73 -> #N/A | H73: Freq | I73: =VLOOKUP(F73,'Digital Targeting'!$A$21:$M$214,8,FALSE) -> #N/A | L73: =IFERROR(L72/$G73,0) -> 0 | M73: =IFERROR(M72/$G73,0) -> 0 | N73: =IFERROR(N72/$G73,0) -> 0 | O73: =IFERROR(O72/$G73,0) -> 0 | P73: =IFERROR(P72/$G73,0) -> 0 | Q73: =IFERROR(Q72/$G73,0) -> 0 | R73: =IFERROR(R72/$G73,0) -> 0 | S73: =IFERROR(S72/$G73,0) -> 0 | ... W73: =IFERROR(W72/$G73,0) -> 0 | Y73: =SUM(L73:W73) -> 0 | AE73: =G73/1000 -> #N/A | AF73: 9 | AG73: =AF73*AE73 -> #N/A | AH73: =$A73 -> 14.71 | AI73: =($F$2-$F$3+1)/7 -> 12 | AJ73: =(AG73*AH73)/AI73 -> #N/A
H74: $$$ | L74: 0 | M74: 0 | N74: 0 | O74: 0 | P74: 0 | Q74: 0 | R74: 0 | S74: 0 | T74: 0 | U74: 0 | V74: 0 | W74: 0 | Y74: =SUM(L74:W74) -> 0
H75: IMPs | J75: Yes | L75: =(L77*1000)/$A76 -> 0 | M75: =(M77*1000)/$A76 -> 0 | N75: =(N77*1000)/$A76 -> 0 | O75: =(O77*1000)/$A76 -> 0 | P75: =(P77*1000)/$A76 -> 0 | Q75: =(Q77*1000)/$A76 -> 0 | R75: =(R77*1000)/$A76 -> 0 | S75: =(S77*1000)/$A76 -> 0 | ... W75: =(W77*1000)/$A76 -> 0 | Y75: =SUM(L75:W75) -> 0 | AA75: =IFERROR($Y77/$Y$87, 0) -> 0 | AB75: =IFERROR($Y77/$Y$398, 0) -> 0
A76: =VLOOKUP($E76,'Digital Targeting'!$B$524:$E$892,4,FALSE) -> 58.82 | E76: DV360 - YouTube Select (0:30s Non-Skippable) | G76: =VLOOKUP($F76,'Digital Targeting'!$A$21:$G$100,5,FALSE)*I76 -> #N/A | H76: Freq | I76: =VLOOKUP(F76,'Digital Targeting'!$A$21:$M$214,8,FALSE) -> #N/A | L76: =IFERROR(L75/$G76,0) -> 0 | M76: =IFERROR(M75/$G76,0) -> 0 | N76: =IFERROR(N75/$G76,0) -> 0 | O76: =IFERROR(O75/$G76,0) -> 0 | P76: =IFERROR(P75/$G76,0) -> 0 | Q76: =IFERROR(Q75/$G76,0) -> 0 | R76: =IFERROR(R75/$G76,0) -> 0 | S76: =IFERROR(S75/$G76,0) -> 0 | ... W76: =IFERROR(W75/$G76,0) -> 0 | Y76: =SUM(L76:W76) -> 0 | AE76: =G76/1000 -> #N/A | AF76: 9 | AG76: =AF76*AE76 -> #N/A | AH76: =$A76 -> 58.82 | AI76: =($F$2-$F$3+1)/7 -> 12 | AJ76: =(AG76*AH76)/AI76 -> #N/A
H77: $$$ | L77: 0 | M77: 0 | N77: 0 | O77: 0 | P77: 0 | Q77: 0 | R77: 0 | S77: 0 | T77: 0 | U77: 0 | V77: 0 | W77: 0 | Y77: =SUM(L77:W77) -> 0
H78: IMPs | J78: Yes | L78: =(L80*1000)/$A79 -> 0 | M78: =(M80*1000)/$A79 -> 0 | N78: =(N80*1000)/$A79 -> 0 | O78: =(O80*1000)/$A79 -> 0 | P78: =(P80*1000)/$A79 -> 0 | Q78: =(Q80*1000)/$A79 -> 0 | R78: =(R80*1000)/$A79 -> 0 | S78: =(S80*1000)/$A79 -> 0 | ... W78: =(W80*1000)/$A79 -> 0 | Y78: =SUM(L78:W78) -> 0 | AA78: =IFERROR($Y80/$Y$87, 0) -> 0 | AB78: =IFERROR($Y80/$Y$398, 0) -> 0
A79: =VLOOKUP($E79,'Digital Targeting'!$B$524:$E$892,4,FALSE) -> 64.71 | E79: DV360 - YouTube TV (0:15 / 0:30s Non-Skippable) | G79: =VLOOKUP($F79,'Digital Targeting'!$A$21:$G$100,5,FALSE)*I79 -> #N/A | H79: Freq | I79: =VLOOKUP(F79,'Digital Targeting'!$A$21:$M$214,9,FALSE) -> #N/A | L79: =IFERROR(L78/$G79,0) -> 0 | M79: =IFERROR(M78/$G79,0) -> 0 | N79: =IFERROR(N78/$G79,0) -> 0 | O79: =IFERROR(O78/$G79,0) -> 0 | P79: =IFERROR(P78/$G79,0) -> 0 | Q79: =IFERROR(Q78/$G79,0) -> 0 | R79: =IFERROR(R78/$G79,0) -> 0 | S79: =IFERROR(S78/$G79,0) -> 0 | ... W79: =IFERROR(W78/$G79,0) -> 0 | Y79: =SUM(L79:W79) -> 0 | AE79: =G79/1000 -> #N/A | AF79: 9 | AG79: =AF79*AE79 -> #N/A | AH79: =$A79 -> 64.71 | AI79: =($F$2-$F$3+1)/7 -> 12 | AJ79: =(AG79*AH79)/AI79 -> #N/A
H80: $$$ | L80: 0 | M80: 0 | N80: 0 | O80: 0 | P80: 0 | Q80: 0 | R80: 0 | S80: 0 | T80: 0 | U80: 0 | V80: 0 | W80: 0 | Y80: =SUM(L80:W80) -> 0
H81: IMPs | J81: Yes | L81: =(L83*1000)/$A82 -> 0 | M81: =(M83*1000)/$A82 -> 0 | N81: =(N83*1000)/$A82 -> 0 | O81: =(O83*1000)/$A82 -> 0 | P81: =(P83*1000)/$A82 -> 0 | Q81: =(Q83*1000)/$A82 -> 0 | R81: =(R83*1000)/$A82 -> 0 | S81: =(S83*1000)/$A82 -> 0 | ... W81: =(W83*1000)/$A82 -> 0 | Y81: =SUM(L81:W81) -> 0 | AA81: =IFERROR($Y83/$Y$87, 0) -> 0 | AB81: =IFERROR($Y83/$Y$398, 0) -> 0
A82: =VLOOKUP($E82,'Digital Targeting'!$B$524:$E$892,4,FALSE) -> 82.35 | E82: DV360 - YouTube TV - Live Sports | G82: =VLOOKUP($F82,'Digital Targeting'!$A$21:$G$100,5,FALSE)*I82 -> #N/A | H82: Freq | I82: =VLOOKUP(F82,'Digital Targeting'!$A$21:$M$214,9,FALSE) -> #N/A | L82: =IFERROR(L81/$G82,0) -> 0 | M82: =IFERROR(M81/$G82,0) -> 0 | N82: =IFERROR(N81/$G82,0) -> 0 | O82: =IFERROR(O81/$G82,0) -> 0 | P82: =IFERROR(P81/$G82,0) -> 0 | Q82: =IFERROR(Q81/$G82,0) -> 0 | R82: =IFERROR(R81/$G82,0) -> 0 | S82: =IFERROR(S81/$G82,0) -> 0 | ... W82: =IFERROR(W81/$G82,0) -> 0 | Y82: =SUM(L82:W82) -> 0 | AE82: =G82/1000 -> #N/A | AF82: 9 | AG82: =AF82*AE82 -> #N/A | AH82: =$A82 -> 82.35 | AI82: =($F$2-$F$3+1)/7 -> 12 | AJ82: =(AG82*AH82)/AI82 -> #N/A
H83: $$$ | L83: 0 | M83: 0 | N83: 0 | O83: 0 | P83: 0 | Q83: 0 | R83: 0 | S83: 0 | T83: 0 | U83: 0 | V83: 0 | W83: 0 | Y83: =SUM(L83:W83) -> 0
A85: 0.55 | E85: CM360 - Ad Serving and Reporting | H85: CM360 | L85: =(SUMIFS(L$71:L$89, $H$71:$H$89, "IMPs", $J$71:$J$89, "Yes") / 1000 * 0.55) -> 0 | M85: =(SUMIFS(M$71:M$89, $H$71:$H$89, "IMPs", $J$71:$J$89, "Yes") / 1000 * 0.55) -> 0 | N85: =(SUMIFS(N$71:N$89, $H$71:$H$89, "IMPs", $J$71:$J$89, "Yes") / 1000 * 0.55) -> 0 | O85: =(SUMIFS(O$71:O$89, $H$71:$H$89, "IMPs", $J$71:$J$89, "Yes") / 1000 * 0.55) -> 0 | P85: =(SUMIFS(P$71:P$89, $H$71:$H$89, "IMPs", $J$71:$J$89, "Yes") / 1000 * 0.55) -> 0 | Q85: =(SUMIFS(Q$71:Q$89, $H$71:$H$89, "IMPs", $J$71:$J$89, "Yes") / 1000 * 0.55) -> 0 | R85: =(SUMIFS(R$71:R$89, $H$71:$H$89, "IMPs", $J$71:$J$89, "Yes") / 1000 * 0.55) -> 0 | S85: =(SUMIFS(S$71:S$89, $H$71:$H$89, "IMPs", $J$71:$J$89, "Yes") / 1000 * 0.55) -> 0 | ... W85: =(SUMIFS(W$71:W$89, $H$71:$H$89, "IMPs", $J$71:$J$89, "Yes") / 1000 * 0.55) -> 0 | Y85: =SUM(L85:W85) -> 0 | AA85: =IFERROR(Y85/Y87,0) -> 0 | AB85: =IFERROR(Y85/Y$398,0) -> 0
E87: YouTube / YouTube TV Total | H87: Total | L87: =SUMIF($H71:$H89,"$$$",L$71:L$89)+L85 -> 0 | M87: =SUMIF($H71:$H89,"$$$",M$71:M$89)+M85 -> 0 | N87: =SUMIF($H71:$H89,"$$$",N$71:N$89)+N85 -> 0 | O87: =SUMIF($H71:$H89,"$$$",O$71:O$89)+O85 -> 0 | P87: =SUMIF($H71:$H89,"$$$",P$71:P$89)+P85 -> 0 | Q87: =SUMIF($H71:$H89,"$$$",Q$71:Q$89)+Q85 -> 0 | R87: =SUMIF($H71:$H89,"$$$",R$71:R$89)+R85 -> 0 | S87: =SUMIF($H71:$H89,"$$$",S$71:S$89)+S85 -> 0 | ... W87: =SUMIF($H71:$H89,"$$$",W$71:W$89)+W85 -> 0 | Y87: =SUM(L87:W87) -> 0 | AA87: =IFERROR($Y87/$Y$87, 0) -> 0 | AB87: =IFERROR($Y87/$Y$398, 0) -> 0
E88: YouTube / YouTube TV Client Gross Total | H88: CG Total | L88: =L87*(1-(0.15-$H$3)) -> 0 | M88: =M87*(1-(0.15-$H$3)) -> 0 | N88: =N87*(1-(0.15-$H$3)) -> 0 | O88: =O87*(1-(0.15-$H$3)) -> 0 | P88: =P87*(1-(0.15-$H$3)) -> 0 | Q88: =Q87*(1-(0.15-$H$3)) -> 0 | R88: =R87*(1-(0.15-$H$3)) -> 0 | S88: =S87*(1-(0.15-$H$3)) -> 0 | ... W88: =W87*(1-(0.15-$H$3)) -> 0 | Y88: =SUM(L88:W88) -> 0
A89: Estimated Avg. CPM | E89: Online Video (OLV) | F89: Targeting / Universe Size | J89: AD SERVING | L89: =CONCATENATE("Week ",L$2) -> Week 12 | M89: =CONCATENATE("Week ",M$2) -> Week 11 | N89: =CONCATENATE("Week ",N$2) -> Week 10 | O89: =CONCATENATE("Week ",O$2) -> Week 9 | P89: =CONCATENATE("Week ",P$2) -> Week 8 | Q89: =CONCATENATE("Week ",Q$2) -> Week 7 | R89: =CONCATENATE("Week ",R$2) -> Week 6 | S89: =CONCATENATE("Week ",S$2) -> Week 5 | ... W89: =CONCATENATE("Week ",W$2) -> Week 1 | Y89: Total | AA89: % of OLV | AB89: % of Plan
L90: =TEXT(L$3, "mmm d") & " - " & TEXT(L$4, "mmm d") -> Aug 11 - Aug 17 | M90: =TEXT(M$3, "mmm d") & " - " & TEXT(M$4, "mmm d") -> Aug 18 - Aug 24 | N90: =TEXT(N$3, "mmm d") & " - " & TEXT(N$4, "mmm d") -> Aug 25 - Aug 31 | O90: =TEXT(O$3, "mmm d") & " - " & TEXT(O$4, "mmm d") -> Sep 1 - Sep 7 | P90: =TEXT(P$3, "mmm d") & " - " & TEXT(P$4, "mmm d") -> Sep 8 - Sep 14 | Q90: =TEXT(Q$3, "mmm d") & " - " & TEXT(Q$4, "mmm d") -> Sep 15 - Sep 21 | R90: =TEXT(R$3, "mmm d") & " - " & TEXT(R$4, "mmm d") -> Sep 22 - Sep 28 | S90: =TEXT(S$3, "mmm d") & " - " & TEXT(S$4, "mmm d") -> Sep 29 - Oct 5 | ... W90: =TEXT(W$3, "mmm d") & " - " & TEXT(W$4, "mmm d") -> Oct 27 - Nov 3 | AE90: AUD (000s) | AF90: FREQ | AG90: REQ IMPs | AH90: CPM | AI90: WEEKS | AJ90: $$$
H91: IMPs | J91: Yes | L91: =(L93*1000)/$A92 -> 0 | M91: =(M93*1000)/$A92 -> 0 | N91: =(N93*1000)/$A92 -> 0 | O91: =(O93*1000)/$A92 -> 0 | P91: =(P93*1000)/$A92 -> 0 | Q91: =(Q93*1000)/$A92 -> 0 | R91: =(R93*1000)/$A92 -> 0 | S91: =(S93*1000)/$A92 -> 0 | ... W91: =(W93*1000)/$A92 -> 0 | Y91: =SUM(L91:W91) -> 0 | AA91: =IFERROR($Y93/$Y$100, 0) -> 0 | AB91: =IFERROR($Y93/$Y$398, 0) -> 0
A92: =VLOOKUP($E92,'Digital Targeting'!$B$524:$E$892,4,FALSE) -> 17.65 | E92: StackAdapt - OLV (0:15s / 0:30s) | G92: =VLOOKUP($F92,'Digital Targeting'!$A$21:$G$100,5,FALSE)*I92 -> #N/A | H92: Freq | I92: =VLOOKUP(F92,'Digital Targeting'!$A$21:$M$214,13,FALSE) -> #N/A | L92: =IFERROR(L91/$G92,0) -> 0 | M92: =IFERROR(M91/$G92,0) -> 0 | N92: =IFERROR(N91/$G92,0) -> 0 | O92: =IFERROR(O91/$G92,0) -> 0 | P92: =IFERROR(P91/$G92,0) -> 0 | Q92: =IFERROR(Q91/$G92,0) -> 0 | R92: =IFERROR(R91/$G92,0) -> 0 | S92: =IFERROR(S91/$G92,0) -> 0 | ... W92: =IFERROR(W91/$G92,0) -> 0 | Y92: =SUM(L92:W92) -> 0 | AE92: =G92/1000 -> #N/A | AF92: 5 | AG92: =AF92*AE92 -> #N/A | AH92: =$A92 -> 17.65 | AI92: =($F$2-$F$3+1)/7 -> 12 | AJ92: =(AG92*AH92)/AI92 -> #N/A
H93: $$$ | L93: 0 | M93: 0 | N93: 0 | O93: 0 | P93: 0 | Q93: 0 | R93: 0 | S93: 0 | T93: 0 | U93: 0 | V93: 0 | W93: 0 | Y93: =SUM(L93:W93) -> 0
H94: IMPs | J94: Yes | L94: =(L96*1000)/$A95 -> 0 | M94: =(M96*1000)/$A95 -> 0 | N94: =(N96*1000)/$A95 -> 0 | O94: =(O96*1000)/$A95 -> 0 | P94: =(P96*1000)/$A95 -> 0 | Q94: =(Q96*1000)/$A95 -> 0 | R94: =(R96*1000)/$A95 -> 0 | S94: =(S96*1000)/$A95 -> 0 | ... W94: =(W96*1000)/$A95 -> 0 | Y94: =SUM(L94:W94) -> 0 | AA94: =IFERROR($Y96/$Y$100, 0) -> 0 | AB94: =IFERROR($Y96/$Y$398, 0) -> 0
A95: =VLOOKUP($E95,'Digital Targeting'!$B$524:$E$892,4,FALSE) -> 17.65 | E95: StackAdapt - OLV (0:15s / 0:30s) | G95: =VLOOKUP($F95,'Digital Targeting'!$A$21:$G$100,5,FALSE)*I95 -> #N/A | H95: Freq | I95: =VLOOKUP(F95,'Digital Targeting'!$A$21:$M$214,13,FALSE) -> #N/A | L95: =IFERROR(L94/$G95,0) -> 0 | M95: =IFERROR(M94/$G95,0) -> 0 | N95: =IFERROR(N94/$G95,0) -> 0 | O95: =IFERROR(O94/$G95,0) -> 0 | P95: =IFERROR(P94/$G95,0) -> 0 | Q95: =IFERROR(Q94/$G95,0) -> 0 | R95: =IFERROR(R94/$G95,0) -> 0 | S95: =IFERROR(S94/$G95,0) -> 0 | ... W95: =IFERROR(W94/$G95,0) -> 0 | Y95: =SUM(L95:W95) -> 0 | AE95: =G95/1000 -> #N/A | AF95: 5 | AG95: =AF95*AE95 -> #N/A | AH95: =$A95 -> 17.65 | AI95: =($F$2-$F$3+1)/7 -> 12 | AJ95: =(AG95*AH95)/AI95 -> #N/A
H96: $$$ | L96: 0 | M96: 0 | N96: 0 | O96: 0 | P96: 0 | Q96: 0 | R96: 0 | S96: 0 | T96: 0 | U96: 0 | V96: 0 | W96: 0 | Y96: =SUM(L96:W96) -> 0
A98: 0.55 | E98: CM360 - Ad Serving and Reporting | H98: CM360 | L98: =(SUMIFS(L$90:L$102, $H$90:$H$102, "IMPs", $J$90:$J$102, "Yes") / 1000 * 0.55) -> 0 | M98: =(SUMIFS(M$90:M$102, $H$90:$H$102, "IMPs", $J$90:$J$102, "Yes") / 1000 * 0.55) -> 0 | N98: =(SUMIFS(N$90:N$102, $H$90:$H$102, "IMPs", $J$90:$J$102, "Yes") / 1000 * 0.55) -> 0 | O98: =(SUMIFS(O$90:O$102, $H$90:$H$102, "IMPs", $J$90:$J$102, "Yes") / 1000 * 0.55) -> 0 | P98: =(SUMIFS(P$90:P$102, $H$90:$H$102, "IMPs", $J$90:$J$102, "Yes") / 1000 * 0.55) -> 0 | Q98: =(SUMIFS(Q$90:Q$102, $H$90:$H$102, "IMPs", $J$90:$J$102, "Yes") / 1000 * 0.55) -> 0 | R98: =(SUMIFS(R$90:R$102, $H$90:$H$102, "IMPs", $J$90:$J$102, "Yes") / 1000 * 0.55) -> 0 | S98: =(SUMIFS(S$90:S$102, $H$90:$H$102, "IMPs", $J$90:$J$102, "Yes") / 1000 * 0.55) -> 0 | ... W98: =(SUMIFS(W$90:W$102, $H$90:$H$102, "IMPs", $J$90:$J$102, "Yes") / 1000 * 0.55) -> 0 | Y98: =SUM(L98:W98) -> 0 | AA98: =IFERROR(Y98/Y100,0) -> 0 | AB98: =IFERROR(Y98/Y$398,0) -> 0
E100: Online Video Total | H100: Total | L100: =SUMIF($H90:$H102,"$$$",L$90:L$102)+L98 -> 0 | M100: =SUMIF($H90:$H102,"$$$",M$90:M$102)+M98 -> 0 | N100: =SUMIF($H90:$H102,"$$$",N$90:N$102)+N98 -> 0 | O100: =SUMIF($H90:$H102,"$$$",O$90:O$102)+O98 -> 0 | P100: =SUMIF($H90:$H102,"$$$",P$90:P$102)+P98 -> 0 | Q100: =SUMIF($H90:$H102,"$$$",Q$90:Q$102)+Q98 -> 0 | R100: =SUMIF($H90:$H102,"$$$",R$90:R$102)+R98 -> 0 | S100: =SUMIF($H90:$H102,"$$$",S$90:S$102)+S98 -> 0 | ... W100: =SUMIF($H90:$H102,"$$$",W$90:W$102)+W98 -> 0 | Y100: =SUM(L100:W100) -> 0 | AA100: =IFERROR($Y100/$Y$100, 0) -> 0 | AB100: =IFERROR($Y100/$Y$398, 0) -> 0
E101: Online Video Client Gross Total | H101: CG Total | L101: =L100*(1-(0.15-$H$3)) -> 0 | M101: =M100*(1-(0.15-$H$3)) -> 0 | N101: =N100*(1-(0.15-$H$3)) -> 0 | O101: =O100*(1-(0.15-$H$3)) -> 0 | P101: =P100*(1-(0.15-$H$3)) -> 0 | Q101: =Q100*(1-(0.15-$H$3)) -> 0 | R101: =R100*(1-(0.15-$H$3)) -> 0 | S101: =S100*(1-(0.15-$H$3)) -> 0 | ... W101: =W100*(1-(0.15-$H$3)) -> 0 | Y101: =SUM(L101:W101) -> 0
A102: Estimated Q3 OOW A35+ CPS | B102: Estimated Q3 IW A35+ CPS | C102: Estimated Early Q4 A35+ CPS | D102: Estimated Late Q4 A35+ CPS | E102: Cable TV | F102: % of District Voters Reached | G102: Efficiency (% in district) | J102: AD SERVING | L102: =CONCATENATE("Week ",L$2) -> Week 12 | M102: =CONCATENATE("Week ",M$2) -> Week 11 | N102: =CONCATENATE("Week ",N$2) -> Week 10 | O102: =CONCATENATE("Week ",O$2) -> Week 9 | P102: =CONCATENATE("Week ",P$2) -> Week 8 | Q102: =CONCATENATE("Week ",Q$2) -> Week 7 | R102: =CONCATENATE("Week ",R$2) -> Week 6 | S102: =CONCATENATE("Week ",S$2) -> Week 5 | ... W102: =CONCATENATE("Week ",W$2) -> Week 1 | Y102: Total | AA102: % of Cable | AB102: % of Plan
L103: =TEXT(L$3, "mmm d") & " - " & TEXT(L$4, "mmm d") -> Aug 11 - Aug 17 | M103: =TEXT(M$3, "mmm d") & " - " & TEXT(M$4, "mmm d") -> Aug 18 - Aug 24 | N103: =TEXT(N$3, "mmm d") & " - " & TEXT(N$4, "mmm d") -> Aug 25 - Aug 31 | O103: =TEXT(O$3, "mmm d") & " - " & TEXT(O$4, "mmm d") -> Sep 1 - Sep 7 | P103: =TEXT(P$3, "mmm d") & " - " & TEXT(P$4, "mmm d") -> Sep 8 - Sep 14 | Q103: =TEXT(Q$3, "mmm d") & " - " & TEXT(Q$4, "mmm d") -> Sep 15 - Sep 21 | R103: =TEXT(R$3, "mmm d") & " - " & TEXT(R$4, "mmm d") -> Sep 22 - Sep 28 | S103: =TEXT(S$3, "mmm d") & " - " & TEXT(S$4, "mmm d") -> Sep 29 - Oct 5 | ... W103: =TEXT(W$3, "mmm d") & " - " & TEXT(W$4, "mmm d") -> Oct 27 - Nov 3
E104: Market A | H104: Spots / week | J104: N/A | L104: 0 | M104: 0 | N104: 0 | O104: 0 | P104: 0 | Q104: 0 | R104: 0 | S104: 0 | T104: 0 | U104: 0 | V104: 0 | W104: 0 | Y104: =SUM(L104:W104) -> 0 | AA104: =IFERROR($Y105/$Y$191, 0) -> 0 | AB104: =IFERROR($Y105/$Y$398, 0) -> 0
A105: 100 | B105: 200 | C105: 300 | D105: 400 | H105: $$$ | L105: =$A105*L104 -> 0 | M105: =$B105*M104 -> 0 | N105: =$B105*N104 -> 0 | O105: =$B105*O104 -> 0 | P105: =$B105*P104 -> 0 | Q105: =$B105*Q104 -> 0 | R105: =$B105*R104 -> 0 | S105: =$C105*S104 -> 0 | T105: =$C105*T104 -> 0 | U105: =$C105*U104 -> 0 | V105: =$D105*V104 -> 0 | W105: =$D105*W104 -> 0 | Y105: =SUM(L105:W105) -> 0
H106: Spots / week | J106: N/A | L106: 0 | M106: 0 | N106: 0 | O106: 0 | P106: 0 | Q106: 0 | R106: 0 | S106: 0 | T106: 0 | U106: 0 | V106: 0 | W106: 0 | Y106: =SUM(L106:W106) -> 0 | AA106: =IFERROR($Y107/$Y$191, 0) -> 0 | AB106: =IFERROR($Y107/$Y$398, 0) -> 0
A107: 100 | B107: 200 | C107: 300 | D107: 400 | H107: $$$ | L107: =$A107*L106 -> 0 | M107: =$B107*M106 -> 0 | N107: =$B107*N106 -> 0 | O107: =$B107*O106 -> 0 | P107: =$B107*P106 -> 0 | Q107: =$B107*Q106 -> 0 | R107: =$B107*R106 -> 0 | S107: =$C107*S106 -> 0 | T107: =$C107*T106 -> 0 | U107: =$C107*U106 -> 0 | V107: =$D107*V106 -> 0 | W107: =$D107*W106 -> 0 | Y107: =SUM(L107:W107) -> 0
H108: Spots / week | J108: N/A | L108: 0 | M108: 0 | N108: 0 | O108: 0 | P108: 0 | Q108: 0 | R108: 0 | S108: 0 | T108: 0 | U108: 0 | V108: 0 | W108: 0 | Y108: =SUM(L108:W108) -> 0 | AA108: =IFERROR($Y109/$Y$191, 0) -> 0 | AB108: =IFERROR($Y109/$Y$398, 0) -> 0
A109: 100 | B109: 200 | C109: 300 | D109: 400 | H109: $$$ | L109: =$A109*L108 -> 0 | M109: =$B109*M108 -> 0 | N109: =$B109*N108 -> 0 | O109: =$B109*O108 -> 0 | P109: =$B109*P108 -> 0 | Q109: =$B109*Q108 -> 0 | R109: =$B109*R108 -> 0 | S109: =$C109*S108 -> 0 | T109: =$C109*T108 -> 0 | U109: =$C109*U108 -> 0 | V109: =$D109*V108 -> 0 | W109: =$D109*W108 -> 0 | Y109: =SUM(L109:W109) -> 0
E111: Market B | H111: Spots / week | J111: N/A | L111: 0 | M111: 0 | N111: 0 | O111: 0 | P111: 0 | Q111: 0 | R111: 0 | S111: 0 | T111: 0 | U111: 0 | V111: 0 | W111: 0 | Y111: =SUM(L111:W111) -> 0 | AA111: =IFERROR($Y112/$Y$191, 0) -> 0 | AB111: =IFERROR($Y112/$Y$398, 0) -> 0
A112: 100 | B112: 200 | C112: 300 | D112: 400 | H112: $$$ | L112: =$A112*L111 -> 0 | M112: =$B112*M111 -> 0 | N112: =$B112*N111 -> 0 | O112: =$B112*O111 -> 0 | P112: =$B112*P111 -> 0 | Q112: =$B112*Q111 -> 0 | R112: =$B112*R111 -> 0 | S112: =$C112*S111 -> 0 | T112: =$C112*T111 -> 0 | U112: =$C112*U111 -> 0 | V112: =$D112*V111 -> 0 | W112: =$D112*W111 -> 0 | Y112: =SUM(L112:W112) -> 0
...

Sheet Digital Targeting
A1: GEOGRAPHY | B1: AUDIENCE | C1: Languages | D1: Ad Serving Calculator
A2: USA | B2: Healthcare Engaged | C2: English | H2: =G2/21 -> 0
B3: Test | C3: Spanish | D3: Budget to Cut | E3: Media CPM | F3: Serving CPM | G3: Gross To Cut
D4: 0.39 | E4: 47.06 | F4: 0.55 | G4: =(E4/(E4+F4))*D4 -> 0.38549464 | H4: =G4/21 -> 0.018356888
G19: 7 | H19: 8 | I19: 9 | J19: 10 | K19: 11 | L19: 12 | M19: 13
G20: COVERAGE ESTIMATES
A21: Search Key - Do Not Delete Column | B21: Geo | C21: Audience Name | D21: Language | E21: List Size (if applicable) | F21: URL | G21: TV Streaming Aggregate | H21: YouTube | I21: YouTube TV | J21: Meta | K21: Audio Aggregate | L21: VOD | M21: Digital
A22: =IF(OR(D22="", LOWER(D22)="english"), B22 & " - " & C22, B22 & " - " & C22 & " (" & D22 & ")" ) -> USA - Healthcare Engaged | B22: USA | C22: Healthcare Engaged | D22: English | E22: 66994200 | G22: 0.79 | H22: 0.59 | I22: 0.04 | J22: 0.58 | K22: 0.63 | L22: 0.91 | M22: 0.88
A23: =IF(OR(D23="", LOWER(D23)="english"), B23 & " - " & C23, B23 & " - " & C23 & " (" & D23 & ")" ) -> USA - Test | B23: USA | C23: Test | D23: English | E23: 100000 | G23: 0.8 | H23: 0.5 | I23: 0.05 | J23: 0.75 | K23: 0.4 | L23: 0.8 | M23: 0.7
A24: =IF(OR(D24="", LOWER(D24)="english"), B24 & " - " & C24, B24 & " - " & C24 & " (" & D24 & ")" ) -> - | D24: English
A25: =IF(OR(D25="", LOWER(D25)="english"), B25 & " - " & C25, B25 & " - " & C25 & " (" & D25 & ")" ) -> - | D25: English
A26: =IF(OR(D26="", LOWER(D26)="english"), B26 & " - " & C26, B26 & " - " & C26 & " (" & D26 & ")" ) -> - | D26: English
A27: =IF(OR(D27="", LOWER(D27)="english"), B27 & " - " & C27, B27 & " - " & C27 & " (" & D27 & ")" ) -> - | D27: English
A28: =IF(OR(D28="", LOWER(D28)="english"), B28 & " - " & C28, B28 & " - " & C28 & " (" & D28 & ")" ) -> - | D28: English
A29: =IF(OR(D29="", LOWER(D29)="english"), B29 & " - " & C29, B29 & " - " & C29 & " (" & D29 & ")" ) -> - | D29: English
A30: =IF(OR(D30="", LOWER(D30)="english"), B30 & " - " & C30, B30 & " - " & C30 & " (" & D30 & ")" ) -> - | D30: English
A31: =IF(OR(D31="", LOWER(D31)="english"), B31 & " - " & C31, B31 & " - " & C31 & " (" & D31 & ")" ) -> - | D31: English
A32: =IF(OR(D32="", LOWER(D32)="english"), B32 & " - " & C32, B32 & " - " & C32 & " (" & D32 & ")" ) -> - | D32: English
A33: =IF(OR(D33="", LOWER(D33)="english"), B33 & " - " & C33, B33 & " - " & C33 & " (" & D33 & ")" ) -> - | D33: English
A34: =IF(OR(D34="", LOWER(D34)="english"), B34 & " - " & C34, B34 & " - " & C34 & " (" & D34 & ")" ) -> - | D34: English
A35: =IF(OR(D35="", LOWER(D35)="english"), B35 & " - " & C35, B35 & " - " & C35 & " (" & D35 & ")" ) -> - | D35: English
... A66: =IF(OR(D66="", LOWER(D66)="english"), B66 & " - " & C66, B66 & " - " & C66 & " (" & D66 & ")" ) -> - | D66: English
A67: =IF(OR(D67="", LOWER(D67)="english"), B67 & " - " & C67, B67 & " - " & C67 & " (" & D67 & ")" ) -> -
A68: =IF(OR(D68="", LOWER(D68)="english"), B68 & " - " & C68, B68 & " - " & C68 & " (" & D68 & ")" ) -> -
A69: =IF(OR(D69="", LOWER(D69)="english"), B69 & " - " & C69, B69 & " - " & C69 & " (" & D69 & ")" ) -> -
A70: =IF(OR(D70="", LOWER(D70)="english"), B70 & " - " & C70, B70 & " - " & C70 & " (" & D70 & ")" ) -> -
A71: =IF(OR(D71="", LOWER(D71)="english"), B71 & " - " & C71, B71 & " - " & C71 & " (" & D71 & ")" ) -> -
A522: If data update is needed: drag broken formula down over values that are present. Then copy and paste as values and return to no fill. (YELLOW CELLS) | D522: LAST UPDATED 3/2/26
A524: =[1]CPMs!$A1 -> SEARCH KEY DRAG | B524: =[1]CPMs!$G1 -> INPUT DRAG | C524: =[1]CPMs!$F1 -> CPM DRAG | D524: DO NOT DRAG THESE
A525: SEARCH KEY | B525: INPUT OPTION | C525: CPM (GROSS) | D525: CPM Modifier (MANUAL) | E525: CPM
A526: The Trade DeskCTV/OTT (0:06s) | B526: The Trade Desk - CTV/OTT (0:06s) | C526: 41.18 | D526: 1 | E526: =C526*D526 -> 41.18
A527: The Trade DeskCTV/OTT (0:15s) | B527: The Trade Desk - CTV/OTT (0:15s) | C527: 47.06 | D527: 1 | E527: =C527*D527 -> 47.06
A528: The Trade DeskCTV/OTT (0:30s) | B528: The Trade Desk - CTV/OTT (0:30s) | C528: 47.06 | D528: 1 | E528: =C528*D528 -> 47.06
A529: The Trade DeskCTV/OTT (0:60s) | B529: The Trade Desk - CTV/OTT (0:60s) | C529: 47.06 | D529: 1 | E529: =C529*D529 -> 47.06
A530: The Trade DeskCTV/OTT (0:90s) | B530: The Trade Desk - CTV/OTT (0:90s) | C530: 58.82 | D530: 1 | E530: =C530*D530 -> 58.82
A531: The Trade DeskOLV (0:06s) | B531: The Trade Desk - OLV (0:06s) | C531: 17.65 | D531: 1 | E531: =C531*D531 -> 17.65
A532: The Trade DeskOLV (0:15s) | B532: The Trade Desk - OLV (0:15s) | C532: 17.65 | D532: 1 | E532: =C532*D532 -> 17.65
A533: The Trade DeskOLV (0:30s) | B533: The Trade Desk - OLV (0:30s) | C533: 17.65 | D533: 1 | E533: =C533*D533 -> 17.65
A534: The Trade DeskOLV (0:60s) | B534: The Trade Desk - OLV (0:60s) | C534: 17.65 | D534: 1 | E534: =C534*D534 -> 17.65
A535: The Trade DeskOLV (0:90s) | B535: The Trade Desk - OLV (0:90s) | C535: 17.65 | D535: 1 | E535: =C535*D535 -> 17.65
A536: The Trade DeskAudio (0:06s) | B536: The Trade Desk - Audio (0:06s) | C536: 23.53 | D536: 1 | E536: =C536*D536 -> 23.53
A537: The Trade DeskAudio (0:15s) | B537: The Trade Desk - Audio (0:15s) | C537: 23.53 | D537: 1 | E537: =C537*D537 -> 23.53
... A551: The Trade DeskLive Sports | B551: The Trade Desk - Live Sports | C551: 82.35 | D551: 1 | E551: =C551*D551 -> 82.35
B552: - | C552: 0 | D552: 1 | E552: =C552*D552 -> 0
A553: StackAdaptCTV/OTT (0:06s) | B553: StackAdapt - CTV/OTT (0:06s) | C553: 41.18 | D553: 1 | E553: =C553*D553 -> 41.18
A554: StackAdaptCTV/OTT (0:15s) | B554: StackAdapt - CTV/OTT (0:15s) | C554: 47.06 | D554: 1 | E554: =C554*D554 -> 47.06
A555: StackAdaptCTV/OTT (0:30s) | B555: StackAdapt - CTV/OTT (0:30s) | C555: 47.06 | D555: 1 | E555: =C555*D555 -> 47.06
A556: StackAdaptCTV/OTT (0:60s) | B556: StackAdapt - CTV/OTT (0:60s) | C556: 47.06 | D556: 1 | E556: =C556*D556 -> 47.06
A557: StackAdaptCTV/OTT (0:90s) | B557: StackAdapt - CTV/OTT (0:90s) | C557: 58.82 | D557: 1 | E557: =C557*D557 -> 58.82
A558: StackAdaptLive Sports | B558: StackAdapt - Live Sports | C558: 76.47 | D558: 1 | E558: =C558*D558 -> 76.47
A559: StackAdaptOLV (0:06s) | B559: StackAdapt - OLV (0:06s) | C559: 17.65 | D559: 1 | E559: =C559*D559 -> 17.65
A560: StackAdaptOLV (0:15s) | B560: StackAdapt - OLV (0:15s) | C560: 17.65 | D560: 1 | E560: =C560*D560 -> 17.65
A561: StackAdaptOLV (0:30s) | B561: StackAdapt - OLV (0:30s) | C561: 17.65 | D561: 1 | E561: =C561*D561 -> 17.65
A562: StackAdaptOLV (0:60s) | B562: StackAdapt - OLV (0:60s) | C562: 17.65 | D562: 1 | E562: =C562*D562 -> 17.65
A563: StackAdaptOLV (0:90s) | B563: StackAdapt - OLV (0:90s) | C563: 17.65 | D563: 1 | E563: =C563*D563 -> 17.65
A564: StackAdaptAudio (0:06s) | B564: StackAdapt - Audio (0:06s) | C564: 23.53 | D564: 1 | E564: =C564*D564 -> 23.53
... A578: StackAdaptOLV (0:06s / 0:15s) | B578: StackAdapt - OLV (0:06s / 0:15s) | C578: 17.65 | D578: 1 | E578: =C578*D578 -> 17.65
B579: - | C579: 0 | D579: 1 | E579: =C579*D579 -> 0
A580: GoogleSearch | B580: Google - Search | C580: 4.71 | D580: 1 | E580: =C580*D580 -> 4.71
A581: GoogleYouTube (0:06s Non-Skippable) | B581: Google - YouTube (0:06s Non-Skippable) | C581: 7.06 | D581: 1 | E581: =C581*D581 -> 7.06
A582: GoogleYouTube (0:15s Skippable) | B582: Google - YouTube (0:15s Skippable) | C582: 8.82 | D582: 1 | E582: =C582*D582 -> 8.82
A583: GoogleYouTube (0:15s Non-Skippable) | B583: Google - YouTube (0:15s Non-Skippable) | C583: 10 | D583: 1 | E583: =C583*D583 -> 10
A584: GoogleYouTube (0:30s Skippable) | B584: Google - YouTube (0:30s Skippable) | C584: 11.76 | D584: 1 | E584: =C584*D584 -> 11.76
A585: GoogleYouTube (0:60s Skippable) | B585: Google - YouTube (0:60s Skippable) | C585: 20.59 | D585: 1 | E585: =C585*D585 -> 20.59
A586: GoogleYouTube (0:90s Skippable) | B586: Google - YouTube (0:90s Skippable) | C586: 23.53 | D586: 1 | E586: =C586*D586 -> 23.53
A587: GoogleYouTube TV | B587: Google - YouTube TV | C587: 64.71 | D587: 1 | E587: =C587*D587 -> 64.71
A588: GoogleYouTube (0:30s Non-Skippable) | B588: Google - YouTube (0:30s Non-Skippable) | C588: 20.59 | D588: 1 | E588: =C588*D588 -> 20.59
A589: GoogleYouTube (0:15s / 0:30s) | B589: Google - YouTube (0:15s / 0:30s) | C589: 11.76 | D589: 1 | E589: =C589*D589 -> 11.76
A590: GoogleYouTube Shorts | B590: Google - YouTube Shorts | C590: 7.06 | D590: 1 | E590: =C590*D590 -> 7.06
A591: 0 | B591: - | C591: 0 | D591: 1 | E591: =C591*D591 -> 0
A592: DV360YouTube (0:06s Non-Skippable) | B592: DV360 - YouTube (0:06s Non-Skippable) | C592: 7.06 | D592: 1 | E592: =C592*D592 -> 7.06
A593: DV360YouTube (0:15s Non-Skippable) | B593: DV360 - YouTube (0:15s Non-Skippable) | C593: 10 | D593: 1 | E593: =C593*D593 -> 10
A594: DV360YouTube (0:15s Skippable) | B594: DV360 - YouTube (0:15s Skippable) | C594: 8.82 | D594: 1 | E594: =C594*D594 -> 8.82
A595: DV360YouTube (0:30s Skippable) | B595: DV360 - YouTube (0:30s Skippable) | C595: 14.71 | D595: 1 | E595: =C595*D595 -> 14.71
A596: DV360YouTube (0:30s Non-Skippable) | B596: DV360 - YouTube (0:30s Non-Skippable) | C596: 20.59 | D596: 1 | E596: =C596*D596 -> 20.59
A597: DV360YouTube (0:60s Skippable) | B597: DV360 - YouTube (0:60s Skippable) | C597: 20.59 | D597: 1 | E597: =C597*D597 -> 20.59
A598: DV360YouTube (0:90s Skippable) | B598: DV360 - YouTube (0:90s Skippable) | C598: 23.53 | D598: 1 | E598: =C598*D598 -> 23.53
A599: DV360YouTube (0:15s / 0:30s) | B599: DV360 - YouTube (0:15s / 0:30s) | C599: 14.71 | D599: 1 | E599: =C599*D599 -> 14.71
A600: DV360YouTube (0:06s / 0:15s / 0:30s - Non-Skippable) | B600: DV360 - YouTube (0:06s / 0:15s / 0:30s - Non-Skippable) | C600: 20.59 | D600: 1 | E600: =C600*D600 -> 20.59
A601: DV360YouTube Select (0:15 / 0:30s Non-Skippable) | B601: DV360 - YouTube Select (0:15 / 0:30s Non-Skippable) | C601: 58.82 | D601: 1 | E601: =C601*D601 -> 58.82
A602: DV360YouTube Select (0:15s Non-Skippable) | B602: DV360 - YouTube Select (0:15s Non-Skippable) | C602: 41.18 | D602: 1 | E602: =C602*D602 -> 41.18
A603: DV360YouTube Select (0:30s Non-Skippable) | B603: DV360 - YouTube Select (0:30s Non-Skippable) | C603: 58.82 | D603: 1 | E603: =C603*D603 -> 58.82
... A611: DV360YouTube TV - Live Sports | B611: DV360 - YouTube TV - Live Sports | C611: 82.35 | D611: 1 | E611: =C611*D611 -> 82.35
B612: 0 | C612: 0 | D612: 1 | E612: =C612*D612 -> 0
A613: HuluCTV/OTT (0:15s) | B613: Hulu - CTV/OTT (0:15s) | C613: 76.47 | D613: 1 | E613: =C613*D613 -> 76.47
A614: HuluCTV/OTT (0:30s) | B614: Hulu - CTV/OTT (0:30s) | C614: 76.47 | D614: 1 | E614: =C614*D614 -> 76.47
A615: HuluCTV/OTT (0:60s) | B615: Hulu - CTV/OTT (0:60s) | C615: 141.18 | D615: 1 | E615: =C615*D615 -> 141.18
B616: - | C616: 0 | D616: 1 | E616: =C616*D616 -> 0
A617: RokuCTV/OTT (0:15s) | B617: Roku - CTV/OTT (0:15s) | C617: 55.88 | D617: 1 | E617: =C617*D617 -> 55.88
A618: RokuCTV/OTT (0:30s) | B618: Roku - CTV/OTT (0:30s) | C618: 55.88 | D618: 1 | E618: =C618*D618 -> 55.88
A619: RokuCTV/OTT (0:60s) | B619: Roku - CTV/OTT (0:60s) | C619: 55.88 | D619: 1 | E619: =C619*D619 -> 55.88
B620: - | C620: 0 | D620: 1 | E620: =C620*D620 -> 0
A621: NBC/PeacockCTV/OTT (0:15s) | B621: NBC/Peacock - CTV/OTT (0:15s) | C621: 70.59 | D621: 1 | E621: =C621*D621 -> 70.59
A622: NBC/PeacockCTV/OTT (0:30s) | B622: NBC/Peacock - CTV/OTT (0:30s) | C622: 70.59 | D622: 1 | E622: =C622*D622 -> 70.59
A623: NBC/PeacockCTV/OTT (0:60s) | B623: NBC/Peacock - CTV/OTT (0:60s) | C623: 70.59 | D623: 1 | E623: =C623*D623 -> 70.59
A624: NBC/PeacockLive Sports | B624: NBC/Peacock - Live Sports | C624: 82.35 | D624: 1 | E624: =C624*D624 -> 82.35
B625: - | C625: 0 | D625: 1 | E625: =C625*D625 -> 0
A626: ABC/DisneyCTV/OTT (0:15s) | B626: ABC/Disney - CTV/OTT (0:15s) | C626: 38.24 | D626: 1 | E626: =C626*D626 -> 38.24
A627: ABC/DisneyCTV/OTT (0:30s) | B627: ABC/Disney - CTV/OTT (0:30s) | C627: 38.24 | D627: 1 | E627: =C627*D627 -> 38.24
A628: ABC/DisneyCTV/OTT (0:60s) | B628: ABC/Disney - CTV/OTT (0:60s) | C628: 38.24 | D628: 1 | E628: =C628*D628 -> 38.24
...
